<?xml version="1.0" encoding="UTF-8"?>
<component name="category_screen" extends="Group">
    <script type="text/brightscript" uri="category_screen.brs" />
    <children>
        <Rectangle 
        id="cat_rectangle"
        translation="[0, 0]"
        color="0xA52A2A"
        height="720"
        width="388"
        opacity="0.50"
        visible="true"
        />
        <Poster
  id="category_poster"
  uri="pkg:/images/cat_logo.png"
  width="400.0"
  height="500.0"
  translation="[0,-165]" />
  
        <LabelList
        id="category_list"
        translation="[25, 200]"
        itemSpacing="[0,50]"
        color="0xFBFBF9"
        focusedColor="0x0C090A"
        
        >
        <ContentNode id = "categories" role = "content">
            <category_node title = "ACCOMODATIONS" url="pkg:/resources/accommodation.json"/>
            <category_node title = "ACTIVITIES" url="pkg:/resources/activities.json"/>
            <category_node title = "SIGHTS" url="pkg:/resources/"/>
            <category_node title = "FOOD AND DRINK" url="pkg:/resources/food.json"/>
          </ContentNode>
        </LabelList>
        

    </children>
</component>