<?xml version="1.0" encoding="UTF-8"?>
<component name="weather_screen" extends="Group">
    <script type="text/brightscript" uri="weather_screen.brs" />
    <children>
        <Label
        id="weather_header"
        height="44"
        width="0"
        text = "WEATHER"
        horizAlign = "left"
        vertAlign = "center"
        translation="[550,30]"
        color = "0x000000ff"
        >
        <Font role = "font" uri = "pkg:/fonts/versailles.ttf" size = "100"/>
        </Label>
        <Label
        id="temp_label"
        height="44"
        width="0"
        horizAlign = "left"
        vertAlign = "center"
        translation="[450,200]"
        color = "0x000000ff"
        >
        <Font role = "font" uri = "pkg:/fonts/versailles.ttf" size = "45"/>
        </Label>
        
        
        <Label
        id="weekly_label"
        height="500"
        width="900"
        translation="[450,300]"
        color= "0x000000ff"
        horizAlign = "left"
        wrap="true"
        >
        <Font role = "font" uri = "pkg:/fonts/versailles.ttf" size = "45"/>
        </Label>
    </children>

</component>