{
  "items": [
    {
      "title": "Arches National Park",
      "description": "Explore over 2,000 natural stone arches.",
      "type": "National Park",
      "picture": "https://example.com/desert_bistro.jpg"
    },
    {
      "title": "Canyonlands National Park",
      "description": "Discover the deep canyons and mesas of this park.",
      "type": "National Park",
      "picture": "https://example.com/desert_bistro.jpg"
    },
    {
      "title": "Mountain Biking",
      "description": "Ride the famous slickrock trails of Moab.",
      "type": "Outdoor Adventure",
      "picture": "https://example.com/desert_bistro.jpg"
    },
    {
      "title": "Jeep Tours",
      "description": "Take an off-road tour of Moab's rugged terrain.",
      "type": "Outdoor Adventure",
      "picture": "https://example.com/desert_bistro.jpg"
    },
    {
      "title": "Hiking",
      "description": "Hike scenic trails with breathtaking views.",
      "type": "Outdoor Adventure",
      "picture": "https://example.com/desert_bistro.jpg"
    },
    {
      "title": "Rafting on the Colorado River",
      "description": "Experience thrilling white-water rafting.",
      "type": "Water Adventure",
      "picture": "https://example.com/desert_bistro.jpg"
    },
    {
      "title": "Hot Air Balloon Ride",
      "description": "Soar above the red rock landscape at sunrise.",
      "type": "Adventure",
      "picture": "https://example.com/desert_bistro.jpg"
    },
    {
      "title": "Stargazing",
      "description": "Enjoy stunning night skies in Moab's dark desert.",
      "type": "Nature",
      "picture": "https://example.com/desert_bistro.jpg"
    },
    {
      "title": "Rock Climbing",
      "description": "Climb the unique sandstone formations.",
      "type": "Outdoor Adventure",
      "picture": "https://example.com/desert_bistro.jpg"
    },
    {
      "title": "Visit Dead Horse Point State Park",
      "description": "Take in panoramic views of the Colorado River.",
      "type": "State Park",
      "picture": "https://example.com/desert_bistro.jpg"
    }
  ]
}
